Location_ID,Sensor_Description,Sensor_Name,Installation_Date,Note,Location_Type,Status,Direction_1,Direction_2,Latitude,Longitude,Street,Same_As_Wikidata_Street,House_Number,Postcode,City,Same_As_Wikidata_City,Country,Same_As_Wikidata_Country,Closest_Microclimate_Sensor_Name
1,Bourke Street Mall (North),Bou292_T,2009-03-24,,Outdoor,A,East,west,-37.81349441,144.96515323,Bourke Street,http://wikidata.org/entity/Q1951720,280,3000,Melbourne,http://wikidata.org/entity/Q3141,Australia,http://wikidata.org/entity/Q408,ICTMicroclimate-03
4,Town Hall (West),Swa123_T,2009-03-23,,Outdoor,A,North,south,-37.81487988,144.9660878,Swanston Street,http://wikidata.org/entity/Q1087653,117,3000,Melbourne,http://wikidata.org/entity/Q3141,Australia,http://wikidata.org/entity/Q408,ICTMicroclimate-03
10,Victoria Point,BouHbr_T,2009-04-23,,Outdoor,A,East,west,-37.81876474,144.94710545,Bourke Street,http://wikidata.org/entity/Q1951720,770,3008,Docklands,http://wikidata.org/entity/Q5287226,Australia,http://wikidata.org/entity/Q408,ICTMicroclimate-09
11,Waterfront City,WatCit_T,2009-01-20,,Outdoor,A,East,west,-37.81564989,144.93970694,NewQuay Prom/Docklands Dr (Docklands),http://wikidata.org/entity/Q112824899,84,3008,Docklands,http://wikidata.org/entity/Q5287226,Australia,http://wikidata.org/entity/Q408,ICTMicroclimate-09
24,Spencer St-Collins St (North),Col620_T,2013-09-02,,Outdoor,A,East,west,-37.81887963,144.95449198,Collins Street,http://wikidata.org/entity/Q2796839,620,3000,Melbourne,http://wikidata.org/entity/Q3141,Australia,http://wikidata.org/entity/Q408,ICTMicroclimate-04
31,Lygon St (West),Lyg161_T,2013-10-10,"Pushbox Upgrade, 25/07/2023",Outdoor,A,North,south,-37.80169681,144.96658911,Lygon Street,http://wikidata.org/entity/Q56655,169,3053,Carlton,http://wikidata.org/entity/Q47002,Australia,http://wikidata.org/entity/Q408,ICTMicroclimate-03
36,Queen St (West),Que85_T,2015-01-20,"Pushbox Upgrade, 03/08/2023",Outdoor,A,North,south,-37.81652527,144.96121062,Collins Street,http://wikidata.org/entity/Q2796839,394,3000,Melbourne,http://wikidata.org/entity/Q3141,Australia,http://wikidata.org/entity/Q408,ICTMicroclimate-05
39,Alfred Place,AlfPl_T,2019-12-04,In 4/12/2019 sensor upgraded,Outdoor,A,North,south,-37.81379749,144.96995745,Alfred Place,http://wikidata.org/entity/Q120204519,23,3000,Melbourne,http://wikidata.org/entity/Q3141,Australia,http://wikidata.org/entity/Q408,ICTMicroclimate-02
45,Little Collins St-Swanston St (East),Swa148_T,2017-06-29,"Pushbox Upgrade, 03/08/2023",Outdoor,A,North,south,-37.81414075,144.96609379,Swanston Street,http://wikidata.org/entity/Q1087653,144,3000,Melbourne,http://wikidata.org/entity/Q3141,Australia,http://wikidata.org/entity/Q408,ICTMicroclimate-03
49,QVM-Therry St (South),Eli501_T,2017-11-29,"Pushbox Upgrade, 20/07/2023",Outdoor,A,East,west,-37.80730068,144.95956055,Therry Street,,81,3000,Melbourne,http://wikidata.org/entity/Q3141,Australia,http://wikidata.org/entity/Q408,ICTMicroclimate-03
58,Bourke St - Spencer St (North),Bou688_T,2018-09-27,,Outdoor,A,East,west,-37.81686075,144.95358075,Bourke Street,http://wikidata.org/entity/Q1951720,690,3000,Melbourne,http://wikidata.org/entity/Q3141,Australia,http://wikidata.org/entity/Q408,ICTMicroclimate-09
59,Building 80 RMIT,RMIT_T,2019-02-13,,Outdoor,A,North,south,-37.80825648,144.96304859,Swanston Street,http://wikidata.org/entity/Q1087653,437,3000,Melbourne,http://wikidata.org/entity/Q3141,Australia,http://wikidata.org/entity/Q408,ICTMicroclimate-03
61,RMIT Building 14,RMIT14_T,2019-06-28,,Outdoor,A,North,south,-37.80767455,144.96309114,Swanston Street,http://wikidata.org/entity/Q1087653,414,3000,Melbourne,http://wikidata.org/entity/Q3141,Australia,http://wikidata.org/entity/Q408,ICTMicroclimate-03
62,La Trobe St (North),Lat224_T,2019-09-25,,Outdoor,A,East,west,-37.80996494,144.96216521,La Trobe Street,http://wikidata.org/entity/Q2272770,254,3000,Melbourne,http://wikidata.org/entity/Q3141,Australia,http://wikidata.org/entity/Q408,ICTMicroclimate-03
75,Spring St- Flinders st (West),SprFli_T,2020-12-18,,Outdoor,A,North,south,-37.81515276,144.97467661,Spring Street,http://wikidata.org/entity/Q1853763,3,3000,Melbourne,http://wikidata.org/entity/Q3141,Australia,http://wikidata.org/entity/Q408,ICTMicroclimate-11
77,Harbour Esplanade (West) - Pedestrian path,HarEsP_T,2021-03-25,Replaced - water damaged,Outdoor,A,North,south,-37.81441438,144.94433026,Harbour Esplanade,http://wikidata.org/entity/Q28943003,197,3008,Docklands,http://wikidata.org/entity/Q5287226,Australia,http://wikidata.org/entity/Q408,ICTMicroclimate-09
79,Flinders St (South),FliSS_T,2021-09-10,,Outdoor,A,East,west,-37.81794046,144.96616678,Flinders Street,http://wikidata.org/entity/Q3442521,207-361,3000,Melbourne,http://wikidata.org/entity/Q3141,Australia,http://wikidata.org/entity/Q408,ICTMicroclimate-08
84,Elizabeth St - Flinders St (East) - New footpath,ElFi_T,2021-12-03,,Outdoor,A,North,south,-37.81798049,144.96503383,Flinders Street,http://wikidata.org/entity/Q3442521,276,3000,Melbourne,http://wikidata.org/entity/Q3141,Australia,http://wikidata.org/entity/Q408,ICTMicroclimate-08
87,Errol St (West),Errol23_T,2022-05-20,,Outdoor,A,North,south,-37.80454949,144.94921863,Errol St/Victoria St (Melbourne City),http://wikidata.org/entity/Q112824311,19,3051,North Melbourne,http://wikidata.org/entity/Q7056074,Australia,http://wikidata.org/entity/Q408,aws5-0999
109,La Trobe St- William St (South),LatWill_T,2022-10-08,,Outdoor,A,East,west,-37.81193681,144.95621105,La Trobe Street,http://wikidata.org/entity/Q2272770,433,3000,Melbourne,http://wikidata.org/entity/Q3141,Australia,http://wikidata.org/entity/Q408,ICTMicroclimate-05
124,Birrarung Marr East - Batman Ave Bridge Entry,BirBridge_T_2,2023-06-02,,Outdoor,A,North,south,-37.81757416,144.97329934,Batman Avenue,http://wikidata.org/entity/Q119148000,,3000,Melbourne,http://wikidata.org/entity/Q3141,Australia,http://wikidata.org/entity/Q408,ICTMicroclimate-01
135,I-Hub Southern Cross Station - Bourke Street Entrance - South,Spen161_T,2023-09-25,,Outdoor,A,North,south,-37.8172861,144.95319102,Spencer Street,http://wikidata.org/entity/Q105205677,99,3000,Melbourne,http://wikidata.org/entity/Q3141,Australia,http://wikidata.org/entity/Q408,ICTMicroclimate-09
137,"COM Pole 2353 - Towards the city, NAB Building",BouHbr2353_T,2023-11-03,,Outdoor,A,East,west,-37.81894815,144.94612292,Harbour Esplanade,http://wikidata.org/entity/Q28943003,95-117,3008,Melbourne,http://wikidata.org/entity/Q3141,Australia,http://wikidata.org/entity/Q408,ICTMicroclimate-09
138,"COM Pole 1671 - Enterprize Park, Queens Bridge",EntPark1671_T,2023-11-20,,Outdoor,A,East,west,-37.81996544,144.95981454,Flinders Street,http://wikidata.org/entity/Q3442521,469,3000,Melbourne,http://wikidata.org/entity/Q3141,Australia,http://wikidata.org/entity/Q408,ICTMicroclimate-05
141,Awning of Nationwide Parking 474 Flinders Street,474Fl_T,2023-11-10,,Outdoor,A,East,west,-37.81997273,144.95834911,Flinders Street,http://wikidata.org/entity/Q3442521,478,3000,Melbourne,http://wikidata.org/entity/Q3141,Australia,http://wikidata.org/entity/Q408,ICTMicroclimate-05
164,I-Hub 526 La Trobe Street (Footpath),Lat526_T_1,2024-08-14,,Outdoor,A,East,west,-37.813005,144.95160411,La Trobe Street,http://wikidata.org/entity/Q2272770,526,3003,Melbourne,http://wikidata.org/entity/Q3141,Australia,http://wikidata.org/entity/Q408,ICTMicroclimate-09
180,"Pumping Station No.2, 330 Macaulay Road",Mac330_T,2025-03-11,,Outdoor,A,East,west,-37.79497059,144.93530329,Macaulay Road,http://wikidata.org/entity/Q55115653,334,3031,Kensington,http://wikidata.org/entity/Q2608078,Australia,http://wikidata.org/entity/Q408,aws5-0999
2,Bourke Street Mall (South),Bou283_T,2009-03-30,,Outdoor,A,East,west,-37.81380668,144.96516718,Bourke Street,http://wikidata.org/entity/Q1951720,285,3000,Melbourne,http://wikidata.org/entity/Q3141,Australia,http://wikidata.org/entity/Q408,ICTMicroclimate-03
6,Flinders Street Station Underpass,FliS_T,2009-03-25,Upgraded on 8/09/21,Outdoor,A,North,south,-37.81911705,144.96558255,Flinders Street,http://wikidata.org/entity/Q3442521,207-361,3000,Melbourne,http://wikidata.org/entity/Q3141,Australia,http://wikidata.org/entity/Q408,ICTMicroclimate-08
8,Webb Bridge,WebBN_T,2009-03-24,,Outdoor,A,North,south,-37.82293543,144.9471751,Navigation Drive,,1-5,3008,Docklands,http://wikidata.org/entity/Q5287226,Australia,http://wikidata.org/entity/Q408,ICTMicroclimate-09
17,Collins Place (South),Col15_T,2009-03-30,Device is upgraded in 26/02/2020,Outdoor,A,East,west,-37.81362543,144.97323591,Collins Street,http://wikidata.org/entity/Q2796839,13-15,3000,Melbourne,http://wikidata.org/entity/Q3141,Australia,http://wikidata.org/entity/Q408,ICTMicroclimate-10
21,155-161 Russell Street,Bourke155_T,2013-09-02,,Outdoor,A,North,south,-37.81267313,144.96788288,Russell Street,http://wikidata.org/entity/Q2430258,155,3000,Melbourne,http://wikidata.org/entity/Q3141,Australia,http://wikidata.org/entity/Q408,ICTMicroclimate-03
23,Spencer St-Collins St (South),Col623_T,2013-09-02,"Pushbox Upgrade, 25/07/2023",Outdoor,A,East,west,-37.81909256,144.95452748,Collins Street,http://wikidata.org/entity/Q2796839,623,3000,Melbourne,http://wikidata.org/entity/Q3141,Australia,http://wikidata.org/entity/Q408,ICTMicroclimate-04
25,Melbourne Convention Exhibition Centre,MCEC_T,2013-08-28,,Outdoor,A,East,west,-37.82401776,144.95604426,Clarendon Street Junction,http://wikidata.org/entity/Q24887244,10,3006,South Wharf,http://wikidata.org/entity/Q12069696,Australia,http://wikidata.org/entity/Q408,ICTMicroclimate-04
29,St Kilda Rd-Alexandra Gardens,AG_T,2013-10-11,sensor upgraded from laser to 3D on 19/12/2019,Outdoor,A,North,south,-37.8199817,144.96872865,St Kilda Road,http://wikidata.org/entity/Q2246383,14,3006,Southbank,http://wikidata.org/entity/Q1049218,Australia,http://wikidata.org/entity/Q408,ICTMicroclimate-08
30,Lonsdale St (South),Lon189_T,2013-10-14,"Pushbox Upgrade, 20/07/2023",Outdoor,A,East,west,-37.8112185,144.96656806,Lonsdale Street,http://wikidata.org/entity/Q2473914,197,3000,Melbourne,http://wikidata.org/entity/Q3141,Australia,http://wikidata.org/entity/Q408,ICTMicroclimate-03
35,Southbank,SouthB_T,2016-04-11,Device replaced with two new sensors on 15-4-21,Outdoor,A,East,west,-37.82018685,144.96508508,Southgate Avenue,,2,3006,Southbank,http://wikidata.org/entity/Q1049218,Australia,http://wikidata.org/entity/Q408,ICTMicroclimate-08
37,Lygon St (East),Lyg260_T,2015-02-11,"Pushbox Upgrade, 30/06/2023. Move from 174 to 260 Lygon Street (12/08/2024)",Outdoor,A,North,south,-37.80107122,144.96704554,Lygon Street,http://wikidata.org/entity/Q56655,260,3053,Melbourne,http://wikidata.org/entity/Q3141,Australia,http://wikidata.org/entity/Q408,ICTMicroclimate-03
40,Lonsdale St-Spring St (West),Spr201_T,2015-01-19,"Pushbox Upgrade, 03/08/2023",Outdoor,A,North,south,-37.80999341,144.97227587,Spring Street,http://wikidata.org/entity/Q1853763,207,3000,Melbourne,http://wikidata.org/entity/Q3141,Australia,http://wikidata.org/entity/Q408,ICTMicroclimate-10
42,Grattan St-Swanston St (West),UM1_T,2015-04-15,,Outdoor,A,North,south,-37.80008566,144.96386412,Swanston Street,http://wikidata.org/entity/Q1087653,757,3052,Melbourne,http://wikidata.org/entity/Q3141,Australia,http://wikidata.org/entity/Q408,aws5-0999
63,231 Bourke St,Bou231_T,2020-01-07,,Outdoor,A,East,west,-37.81333081,144.96675571,Bourke Street,http://wikidata.org/entity/Q1951720,233,3000,Melbourne,http://wikidata.org/entity/Q3141,Australia,http://wikidata.org/entity/Q408,ICTMicroclimate-03
66,State Library - New,QVN_T,2020-04-06,,Outdoor,A,North,south,-37.81057846,144.96444294,Little Lonsdale Street,http://wikidata.org/entity/Q6650732,255,3000,Melbourne,http://wikidata.org/entity/Q3141,Australia,http://wikidata.org/entity/Q408,ICTMicroclimate-03
67,Flinders Ln -Degraves St (South),FLDegS_T,2020-06-03,,Outdoor,A,East,west,-37.81688755,144.96562569,Flinders Lane,http://wikidata.org/entity/Q5459412,265,3000,Melbourne,http://wikidata.org/entity/Q3141,Australia,http://wikidata.org/entity/Q408,ICTMicroclimate-08
70,Errol Street (East),Errol20_T,2020-10-12,,Outdoor,A,North,south,-37.80456984,144.94946228,Errol St/Victoria St (Melbourne City),http://wikidata.org/entity/Q112824311,22,3051,North Melbourne,http://wikidata.org/entity/Q7056074,Australia,http://wikidata.org/entity/Q408,aws5-0999
71,Westwood Place,WestWP_T,2020-10-16,,Outdoor,A,North,south,-37.81235775,144.97136962,Exhibition Street,http://wikidata.org/entity/Q1855279,136,3000,Melbourne,http://wikidata.org/entity/Q3141,Australia,http://wikidata.org/entity/Q408,ICTMicroclimate-02
76,Macaulay Rd- Bellair St,KenMac_T,2021-02-20,,Outdoor,A,East,west,-37.79453803,144.93036194,Macaulay Road,http://wikidata.org/entity/Q55115653,475,3031,Melbourne,http://wikidata.org/entity/Q3141,Australia,http://wikidata.org/entity/Q408,aws5-0999
78,Harbour Esplanade (West) - Bike Path,HarEsB_T,2021-03-30,,Outdoor,A,North,south,-37.81471642,144.9446508,La Trobe Street,http://wikidata.org/entity/Q2272770,1010,3008,Docklands,http://wikidata.org/entity/Q5287226,Australia,http://wikidata.org/entity/Q408,ICTMicroclimate-09
118,114 Flinders Street Car Park Crossing,Fli114C_T,2022-12-06,,Outdoor,A,North,south,-37.81632783,144.97090512,Flinders Street,http://wikidata.org/entity/Q3442521,120,3000,Melbourne,http://wikidata.org/entity/Q3141,Australia,http://wikidata.org/entity/Q408,ICTMicroclimate-02
130,I-Hub 892 Bourke Street,Bou892T,2023-09-25,,Outdoor,A,East,west,-37.8204637,144.94126826,Bourke Street,http://wikidata.org/entity/Q1951720,890,3008,Docklands,http://wikidata.org/entity/Q5287226,Australia,http://wikidata.org/entity/Q408,ICTMicroclimate-09
131,I-Hub Corner of King Street and Flinders Street (2-6 King),King2_T,2023-09-25,,Outdoor,A,North,south,-37.82009057,144.95758725,Flinders Street,http://wikidata.org/entity/Q3442521,502,3000,Melbourne,http://wikidata.org/entity/Q3141,Australia,http://wikidata.org/entity/Q408,ICTMicroclimate-05
134,I-Hub Southern Cross Station - Bourke Street Entrance - North,Spen201_T,2023-09-25,,Outdoor,A,North,south,-37.81694221,144.95303935,Spencer Street,http://wikidata.org/entity/Q105205677,165,3008,Docklands,http://wikidata.org/entity/Q5287226,Australia,http://wikidata.org/entity/Q408,ICTMicroclimate-09
143,"Mounted on Toilet - Spencer Street, Batman Park",Spencer_T,2024-04-10,,Outdoor,A,North,south,-37.821728,144.95557015,Rebecca Walk,,88,3000,Melbourne,http://wikidata.org/entity/Q3141,Australia,http://wikidata.org/entity/Q408,ICTMicroclimate-04
162,iHub 489 Elizabeth Street,Eli489_T,2024-07-01,,Outdoor,A,North,south,-37.80740397,144.95987909,Elizabeth Street,http://wikidata.org/entity/Q2250700,489,3000,Melbourne,http://wikidata.org/entity/Q3141,Australia,http://wikidata.org/entity/Q408,ICTMicroclimate-03
166,484 Spencer Street,Spen484_T,2024-09-25,Former sensor 227 Bourke Street ï¿½ City Lab,Outdoor,A,North,south,-37.80896733,144.94931703,Spencer Street,http://wikidata.org/entity/Q105205677,486,3003,West Melbourne,http://wikidata.org/entity/Q530067,Australia,http://wikidata.org/entity/Q408,aws5-0999
167,I-Hub 526 La Trobe Street (Crossing),Lat526_T_2,2024-08-14,,Outdoor,A,North,south,-37.81304149,144.95155955,La Trobe Street,http://wikidata.org/entity/Q2272770,530,3003,West Melbourne,http://wikidata.org/entity/Q530067,Australia,http://wikidata.org/entity/Q408,ICTMicroclimate-09
179,61-67 Power Street Southbank,Pow61_T,2024-12-19,,Outdoor,A,North,south,-37.82392385,144.96299677,Power Street,http://wikidata.org/entity/Q10500804,65,3006,Southbank,http://wikidata.org/entity/Q1049218,Australia,http://wikidata.org/entity/Q408,ICTMicroclimate-05
3,Melbourne Central,Swa295_T,2009-03-25,,Outdoor,A,North,south,-37.81101524,144.96429485,Swanston Street,http://wikidata.org/entity/Q1087653,303,3000,Melbourne,http://wikidata.org/entity/Q3141,Australia,http://wikidata.org/entity/Q408,ICTMicroclimate-03
5,Princes Bridge,PriNW_T,2009-03-26,Replace with: 00:6e:02:01:9e:54,Outdoor,A,North,south,-37.81874249,144.96787656,Flinders Street,http://wikidata.org/entity/Q3442521,207-361,3000,Melbourne,http://wikidata.org/entity/Q3141,Australia,http://wikidata.org/entity/Q408,ICTMicroclimate-08
9,Southern Cross Station,Col700_T,2009-03-23,,Outdoor,A,East,west,-37.81982992,144.95102555,Collins Street,http://wikidata.org/entity/Q2796839,700,3008,Melbourne,http://wikidata.org/entity/Q3141,Australia,http://wikidata.org/entity/Q408,ICTMicroclimate-09
12,New Quay,NewQ_T,2009-01-21,,Outdoor,A,East,west,-37.81457988,144.94292398,NewQuay Prom/Docklands Dr (Docklands),http://wikidata.org/entity/Q112824899,24,3008,Docklands,http://wikidata.org/entity/Q5287226,Australia,http://wikidata.org/entity/Q408,ICTMicroclimate-09
14,Sandridge Bridge,SanBri_T,2009-03-24,Sensor relocated to sensor ID 25 on 2/10/2019,Outdoor,A,North,south,-37.82011242,144.96291897,Banana Alley,http://wikidata.org/entity/Q4853815,3,3000,Melbourne,http://wikidata.org/entity/Q3141,Australia,http://wikidata.org/entity/Q408,ICTMicroclimate-05
18,Collins Place (North),Col12_T,2009-03-30,,Outdoor,A,East,west,-37.81344862,144.97305353,Collins Street,http://wikidata.org/entity/Q2796839,18-22,3000,Melbourne,http://wikidata.org/entity/Q3141,Australia,http://wikidata.org/entity/Q408,ICTMicroclimate-10
19,Chinatown-Swanston St (North),LtB210_T,2013-09-02,"Pushbox Upgrade, 20/07/2023",Outdoor,A,East,west,-37.81237202,144.96550671,Little Bourke Street,http://wikidata.org/entity/Q2686925,248,3000,Melbourne,http://wikidata.org/entity/Q3141,Australia,http://wikidata.org/entity/Q408,ICTMicroclimate-03
20,Chinatown-Lt Bourke St (South),LtB170_T,2013-09-06,"Pushbox Upgrade, 20/07/2023",Outdoor,A,East,west,-37.81172914,144.9682466,Coverlid Place,,27,3000,Melbourne,http://wikidata.org/entity/Q3141,Australia,http://wikidata.org/entity/Q408,ICTMicroclimate-03
27,QV Market-Peel St,Vic_T,2013-08-16,,Outdoor,A,East,west,-37.80606888,144.95644692,Victoria Street,http://wikidata.org/entity/Q3938308,155,3000,Melbourne,http://wikidata.org/entity/Q3141,Australia,http://wikidata.org/entity/Q408,aws5-0999
28,The Arts Centre,VAC_T,2013-08-23,,Outdoor,A,North,south,-37.82129925,144.96879309,St Kilda Road,http://wikidata.org/entity/Q2246383,88,3006,Southbank,http://wikidata.org/entity/Q1049218,Australia,http://wikidata.org/entity/Q408,ICTMicroclimate-08
41,Flinders La-Swanston St (West),Swa31,2017-06-29,,Outdoor,A,North,south,-37.81668634,144.96689733,Swanston Street,http://wikidata.org/entity/Q1087653,35,3000,Melbourne,http://wikidata.org/entity/Q3141,Australia,http://wikidata.org/entity/Q408,ICTMicroclimate-08
43,Monash Rd-Swanston St (West),UM2_T,2015-04-15,,Outdoor,A,North,south,-37.79844526,144.96411782,Swanston Street,http://wikidata.org/entity/Q1087653,793,3052,Parkville,http://wikidata.org/entity/Q960219,Australia,http://wikidata.org/entity/Q408,aws5-0999
44,Tin Alley-Swanston St (West),UM3_T,2015-04-15,"Pushbox Upgrade, 30/06/2023",Outdoor,A,North,south,-37.79698741,144.96441306,Swanston Street,http://wikidata.org/entity/Q1087653,823,3052,Parkville,http://wikidata.org/entity/Q960219,Australia,http://wikidata.org/entity/Q408,aws5-0999
46,Pelham St (South),Pel147_T,2017-07-10,,Outdoor,A,East,west,-37.80240719,144.9615673,Pelham St/Elizabeth St (Melbourne City),http://wikidata.org/entity/Q112824982,147-155,3053,Melbourne,http://wikidata.org/entity/Q3141,Australia,http://wikidata.org/entity/Q408,aws5-0999
47,Melbourne Central-Elizabeth St (East),Eli250_T,2017-08-24,"Pushbox Upgrade, 25/07/2023. Move to 250 Elizabeth Street from adjacent St. Francis Church at 266 Elizabeth.",Outdoor,A,North,south,-37.81258467,144.9625775,Elizabeth Street,http://wikidata.org/entity/Q2250700,250,3000,Melbourne,http://wikidata.org/entity/Q3141,Australia,http://wikidata.org/entity/Q408,ICTMicroclimate-03
48,QVM-Queen St (East),QVMQ_T,2017-10-02,"Pushbox Upgrade, 03/07/2023",Outdoor,A,East,west,-37.80631581,144.95866697,Victoria Street,http://wikidata.org/entity/Q3938308,75,3000,Melbourne,http://wikidata.org/entity/Q3141,Australia,http://wikidata.org/entity/Q408,aws5-0999
50,Faraday St-Lygon St (West),Lyg309_T,2017-11-30,"Pushbox Upgrade, 25/07/2023",Outdoor,A,North,south,-37.79808192,144.96721013,Lygon Street,http://wikidata.org/entity/Q56655,309,3053,Melbourne,http://wikidata.org/entity/Q3141,Australia,http://wikidata.org/entity/Q408,aws5-0999
51,QVM-Franklin St (North),Fra118_T,2017-11-30,"Pushbox Upgrade, 20/07/2023",Outdoor,A,East,west,-37.80841815,144.95906316,Franklin Street,,118,3000,Melbourne,http://wikidata.org/entity/Q3141,Australia,http://wikidata.org/entity/Q408,ICTMicroclimate-03
52,Elizabeth St-Lonsdale St (South),Eli263_T,2017-07-31,"Pushbox Upgrade, 25/07/2023",Outdoor,A,East,west,-37.81252157,144.9619401,Lonsdale Street,http://wikidata.org/entity/Q2473914,353,3000,Melbourne,http://wikidata.org/entity/Q3141,Australia,http://wikidata.org/entity/Q408,ICTMicroclimate-03
53,Collins Street (North),Col254_T,2015-09-23,,Outdoor,A,East,west,-37.81564191,144.965499,Collins Street,http://wikidata.org/entity/Q2796839,250,3000,Melbourne,http://wikidata.org/entity/Q3141,Australia,http://wikidata.org/entity/Q408,ICTMicroclimate-03
54,Lincoln-Swanston (West),Swa607_T,2018-06-26,,Outdoor,A,North,south,-37.804024,144.96308399,Swanston Street,http://wikidata.org/entity/Q1087653,613,3053,Carlton,http://wikidata.org/entity/Q47002,Australia,http://wikidata.org/entity/Q408,ICTMicroclimate-03
56,Lonsdale St - Elizabeth St (North),Lon364_T,2018-07-25,Sensor device has been replaced,Outdoor,A,East,west,-37.81234775,144.96153311,Lonsdale Street,http://wikidata.org/entity/Q2473914,368,3000,Melbourne,http://wikidata.org/entity/Q3141,Australia,http://wikidata.org/entity/Q408,ICTMicroclimate-03
68,Flinders Ln -Degraves St (North),FLDegN_T,2020-06-03,,Outdoor,A,East,west,-37.8168479,144.96559789,Flinders Lane,http://wikidata.org/entity/Q5459412,258,3000,Melbourne,http://wikidata.org/entity/Q3141,Australia,http://wikidata.org/entity/Q408,ICTMicroclimate-08
69,Flinders Ln -Degraves St (Crossing),FLDegC_T,2020-06-03,,Outdoor,A,North,south,-37.81687226,144.96559144,Flinders Lane,http://wikidata.org/entity/Q5459412,258,3000,Melbourne,http://wikidata.org/entity/Q3141,Australia,http://wikidata.org/entity/Q408,ICTMicroclimate-08
72,Flinders St- ACMI,ACMI_T,2020-11-30,,Outdoor,A,East,west,-37.81726338,144.96872809,Flinders Street,http://wikidata.org/entity/Q3442521,169,3004,Melbourne,http://wikidata.org/entity/Q3141,Australia,http://wikidata.org/entity/Q408,ICTMicroclimate-08
85,Macaulay Rd (North),488Mac_T,2021-12-21,,Outdoor,A,East,west,-37.79432415,144.92973378,Macaulay Road,http://wikidata.org/entity/Q55115653,488,3031,Melbourne,http://wikidata.org/entity/Q3141,Australia,http://wikidata.org/entity/Q408,aws5-0999
86,Queensberry St - Errol St (South),574Qub_T,2021-12-21,,Outdoor,A,East,west,-37.80309992,144.94908064,Queensberry St/Swanston St (Carlton),http://wikidata.org/entity/Q112825029,547-553,3051,Melbourne,http://wikidata.org/entity/Q3141,Australia,http://wikidata.org/entity/Q408,aws5-0999
107,Flagstaff station (East),280Will_T,2022-10-08,,Outdoor,A,North,south,-37.81246271,144.95690188,William Street,http://wikidata.org/entity/Q2287373,288,3000,Melbourne,http://wikidata.org/entity/Q3141,Australia,http://wikidata.org/entity/Q408,ICTMicroclimate-05
117,114 Flinders Street Car Park Footpath,Fli114F_T,2022-12-06,,Outdoor,A,East,west,-37.81629332,144.97090877,Flinders Street,http://wikidata.org/entity/Q3442521,114,3000,Melbourne,http://wikidata.org/entity/Q3141,Australia,http://wikidata.org/entity/Q408,ICTMicroclimate-02
123,Birrarung Marr East - Batman Ave Bridge Entry,BirBridge_T_1,2023-06-02,,Outdoor,A,East,west,-37.81753741,144.97329734,Batman Avenue,http://wikidata.org/entity/Q119148000,,3000,Melbourne,http://wikidata.org/entity/Q3141,Australia,http://wikidata.org/entity/Q408,ICTMicroclimate-01
132,I-Hub Corner of King Street and Latrobe Street (317-335 King),King335_T,2023-09-25,,Outdoor,A,North,south,-37.81267639,144.95386444,King Street,,333,3000,Melbourne,http://wikidata.org/entity/Q3141,Australia,http://wikidata.org/entity/Q408,ICTMicroclimate-05
133,I-Hub Southern Cross Station - Lonsdale Street Entrance - South,Spen229_T,2023-09-25,,Outdoor,A,North,south,-37.81531435,144.95227769,Spencer Street,http://wikidata.org/entity/Q105205677,227,3008,Docklands,http://wikidata.org/entity/Q5287226,Australia,http://wikidata.org/entity/Q408,ICTMicroclimate-09
136,"COM Pole 1120 - Towards the City, Near Federation Square Bridge",BirFed1120_T,2023-11-03,,Outdoor,A,East,west,-37.8184141,144.97357915,Birrarung Marr,http://wikidata.org/entity/Q2904546,,3004,Melbourne,http://wikidata.org/entity/Q3141,Australia,http://wikidata.org/entity/Q408,ICTMicroclimate-01
139,COM Pole 1647 - Sandridge Bridge Signal Box,Signal1647_T,2023-11-20,,Outdoor,A,East,west,-37.81959923,144.9632832,Banana Alley,http://wikidata.org/entity/Q4853815,3,3000,Melbourne,http://wikidata.org/entity/Q3141,Australia,http://wikidata.org/entity/Q408,ICTMicroclimate-05
140,COM Pole 2837 - Boyd Park,Boyd2837_T,2023-11-02,,Outdoor,A,North,south,-37.82590962,144.96185972,Balston Street,,26,3006,Southbank,http://wikidata.org/entity/Q1049218,Australia,http://wikidata.org/entity/Q408,ICTMicroclimate-04
142,COM Pole 1584 - Hammer Hall Entrance,Hammer1584_T,2023-11-03,,Outdoor,A,East,west,-37.81970749,144.96795734,St Kilda Road,http://wikidata.org/entity/Q2246383,100,3000,Melbourne,http://wikidata.org/entity/Q3141,Australia,http://wikidata.org/entity/Q408,ICTMicroclimate-08
161,Birrarung Marr - COM - Pole 1109,BirArt1109_T,2024-06-04,,Outdoor,A,East,west,-37.81851276,144.97131336,Birrarung Marr,http://wikidata.org/entity/Q2904546,,3000,Melbourne,http://wikidata.org/entity/Q3141,Australia,http://wikidata.org/entity/Q408,ICTMicroclimate-01
165,475 Spencer Street,Spen475_T,2024-08-14,,Outdoor,A,North,south,-37.80953359,144.94939004,Spencer Street,http://wikidata.org/entity/Q105205677,473,3003,West Melbourne,http://wikidata.org/entity/Q530067,Australia,http://wikidata.org/entity/Q408,ICTMicroclimate-09
181,368 Elizabeth Street,Eli368_T,2025-03-26,Moved from 380 Elizabeth Street,Outdoor,A,North,south,-37.81009465,144.96143149,Elizabeth Street,http://wikidata.org/entity/Q2250700,370,3000,Melbourne,http://wikidata.org/entity/Q3141,Australia,http://wikidata.org/entity/Q408,ICTMicroclimate-03
