NOMBRE,NOMBRE-WIKI,IDNOMBRE,tieneInstalacionesDeportivas,tieneWifi,generoAlumnos,TRANSPORTE,Cercanias,Cercanias Lines,Cercanias Station,Metro,Metro_Station,metro_line,Bus,bus_line,Superfice m²,ACCESIBILIDAD,NOMBRE-VIA,calle madrid,NOMBRE-VIA-WIKI,NUM,LOCALIDAD,LOCALIDAD-WIKI,PROVINCIA,CODIGO-POSTAL,BARRIO,BARRIO-WIKI,DISTRITO,DISTRITO-WIKI,LATITUD,LONGITUD,TELEFONO,EMAIL,TIPO,TipoInstalacion
Biblioteca Pública Latina - Antonio Mingote,http://www.wikidata.org/entity/Q85697873,Biblioteca-Publica-Antonio-Mingote-(Latina),,sí,,Cercanías Renfe: Maestra Justa Freire - Polideportivo Aluche (antigua estación de Fanjul) (línea C5),Renfe: Maestra Justa Freire  Polideportivo Aluche (antigua estación de Fanjul) (línea C5),C-5,Maestra Justa Freire - Polideportivo Aluche,,,,,,,Accesible,RAFAEL FINAT,"Calle de Rafael Finat, Madrid",http://www.wikidata.org/entity/Q29648073,51,Madrid,http://www.wikidata.org/entity/Q1753102,MADRID,28044,Las Águilas,http://www.wikidata.org/entity/Q5971372,Latina,http://www.wikidata.org/entity/Q794954,40.37944179159947,-3.7694389972002424,915093625,bib.latina@madrid.org,/contenido/entidadesYorganismos/BibliotecasPublicas,BibliotecasPublicas
Biblioteca Pública Retiro - Elena Fortún,http://www.wikidata.org/entity/Q85697975,Biblioteca-Publica-Elena-Fortun-(Retiro),,sí,,"Metro: Pacífico (líneas 1 y 6), Conde de Casal (línea 6)  Bus: 10, 14, 32, 56, 63, 143, 145, E.",,,,"Metro: Pacífico (líneas 1 y 6), Conde de Casal (línea 6)","Pacífico , Conde de Casal","1
6","Bus: 10, 14, 32, 56, 63, 143, 145, E","10
14
32
56
63
143
145",,Accesible,DOCTOR ESQUERDO,calle del Doctor Esquerdo,http://www.wikidata.org/entity/Q5741005,189,Madrid,http://www.wikidata.org/entity/Q1753102,MADRID,28007,Adelfas,http://www.wikidata.org/entity/Q3774001,Retiro,http://www.wikidata.org/entity/Q2002296,40.403577814444176,-3.6724086076957154,915019146,bib.retiro@madrid.org,/contenido/entidadesYorganismos/BibliotecasPublicas,BibliotecasPublicas
Biblioteca Pública Hortaleza,http://www.wikidata.org/entity/Q85697866,Biblioteca-Publica-Hortaleza,,no especifica,,Metro: Parque de Santa María (línea 4),,,,Metro: Parque de Santa María (línea 4),Parque de Santa María,4,,,,Accesible,ABERTURA,calle ABERTURA Madrid,,2,Madrid,http://www.wikidata.org/entity/Q1753102,MADRID,28033,Pinar del Rey,http://www.wikidata.org/entity/Q10349788,Hortaleza,http://www.wikidata.org/entity/Q1928529,40.47719279779815,-3.6496196128895835,917633284,bib.hortaleza@madrid.org,/contenido/entidadesYorganismos/BibliotecasPublicas,BibliotecasPublicas
Biblioteca Pública Javier Marías,,Biblioteca-Publica-Javier-Marias-(Moratalaz),,sí,,Metro: Artilleros (línea 9),,,,Metro: Artilleros (línea 9),Artilleros,9,,,,Accesible,CORREGIDOR ALONSO DE TOBAR,calle CORREGIDOR ALONSO DE TOBAR Madrid,,5,Madrid,http://www.wikidata.org/entity/Q1753102,MADRID,28030,Fontarrón,http://www.wikidata.org/entity/Q10283284,Moratalaz,http://www.wikidata.org/entity/Q2076109,40.403992358842835,-3.6494384856607582,914394688,bib.moratalaz@madrid.org,/contenido/entidadesYorganismos/BibliotecasPublicas,BibliotecasPublicas
Biblioteca Pública José Acuña,,Biblioteca-Publica-Jose-Acuna-(Moncloa---Aravaca),,sí,,"Metro: Arg&amp;uuml;elles (líneas 3, 4 y 6), Ventura Rodriguez (línea 3).",,,,"Metro: Arguelles (líneas 3, 4 y 6), Ventura Rodriguez (línea 3)","Arguelles , Ventura Rodriguez","3
4
6",,,,Sin información sobre accesibilidad para personas con movilidad reducida,QUINTANA,calle de Quintana,http://www.wikidata.org/entity/Q28016208,9,Madrid,http://www.wikidata.org/entity/Q1753102,MADRID,28008,Argüelles,http://www.wikidata.org/entity/Q64874,Moncloa-Aravaca,http://www.wikidata.org/entity/Q2017682,40.427947044751,-3.716950806640097,915413619,bib.acuna@madrid.org,/contenido/entidadesYorganismos/BibliotecasPublicas,BibliotecasPublicas
Biblioteca Pública José Hierro,,Biblioteca-Publica-Jose-Hierro-(Usera),,sí,,Metro: Plaza Elíptica (líneas 6 y 11),,,,Metro: Plaza Elíptica (líneas 6 y 11),Plaza Elíptica,"6
11",,,,Accesible,RAFAELA YBARRA,calle RAFAELA YBARRA Madrid,,43,Madrid,http://www.wikidata.org/entity/Q1753102,MADRID,28026,Pradolongo,http://www.wikidata.org/entity/Q10352360,Usera,http://www.wikidata.org/entity/Q953368,40.38188230129181,-3.7106157111470615,914229501,bib.usera@madrid.org,/contenido/entidadesYorganismos/BibliotecasPublicas,BibliotecasPublicas
Biblioteca Pública José Luis Sampedro,,Biblioteca-Publica-Jose-Luis-Sampedro-(Chamberi),,sí,,"Metro: Iglesia (línea 1), Quevedo (línea 2), Alonso Cano (línea 7)",,,,"Metro: Iglesia (línea 1), Quevedo (línea 2), Alonso Cano (línea 7)","Iglesia , Quevedo , Alonso Cano","1
2
7",,,,Accesible,FELIPE EL HERMOSO,calle FELIPE EL HERMOSO Madrid,,4,Madrid,http://www.wikidata.org/entity/Q1753102,MADRID,28010,Trafalgar,http://www.wikidata.org/entity/Q10384027,Chamberí,http://www.wikidata.org/entity/Q1763370,40.435399621146054,-3.69966592825407,914459782,bib.chamberi@madrid.org,/contenido/entidadesYorganismos/BibliotecasPublicas,BibliotecasPublicas
Biblioteca Pública Luis Martín Santos,,Biblioteca-Publica-Luis-Martin-Santos-(Villa-de-Vallecas),,sí,,"Metro: Villa de Vallecas (línea 1)  Renfe: C1, C2 Y C7.","Renfe: C1, C2 Y C7","C-1
C-2
C-7",,Metro: Villa de Vallecas (línea 1),Villa de Vallecas,1,,,,Accesible,ANTONIO MARIA SEGOVIA,calle ANTONIO MARIA SEGOVIA Madrid,,2,Madrid,http://www.wikidata.org/entity/Q1753102,MADRID,28031,Santa Eugenia,http://www.wikidata.org/entity/Q390463,Villa de Vallecas,http://www.wikidata.org/entity/Q1947988,40.38092043731836,-3.6136725045662423,912760231,bib.villavallecas@madrid.org,/contenido/entidadesYorganismos/BibliotecasPublicas,BibliotecasPublicas
Biblioteca Pública Luis Rosales,,Biblioteca-Publica-Luis-Rosales-(Carabanchel),,sí,,Metro: Carabanchel Alto (línea 11),,,,Metro: Carabanchel Alto (línea 11),Carabanchel Alto,11,,,,"Accesible
Bucle de inducción magnético",ANTONIA RODRIGUEZ SACRISTAN,calle ANTONIA RODRIGUEZ SACRISTAN Madrid,,7,Madrid,http://www.wikidata.org/entity/Q1753102,MADRID,28044,Puerta Bonita,http://www.wikidata.org/entity/Q3813762,Carabanchel,http://www.wikidata.org/entity/Q1001991,40.37342554545538,-3.7480707331054375,912760233,bib.carabanchel@madrid.org,/contenido/entidadesYorganismos/BibliotecasPublicas,BibliotecasPublicas
Biblioteca Pública María Moliner,,Biblioteca-Publica-Maria-Moliner-(Villaverde),,sí,,Metro: Villaverde Alto (línea 3)  Cercanías Renfe: Puente Alcocer (C5),Renfe: Puente Alcocer (C5),C-5,Puente Alcocer,Metro: Villaverde Alto (línea 3),Villaverde Alto,3,,,,Accesible,VILLALONSO,calle VILLALONSO Madrid,,16,Madrid,http://www.wikidata.org/entity/Q1753102,MADRID,28021,"Villaverde Alto, Casco Histórico de Villaverde",http://www.wikidata.org/entity/Q390435,Villaverde,http://www.wikidata.org/entity/Q919536,40.34952488592754,-3.7101159464904097,917230194,bib.villaverde@madrid.org,/contenido/entidadesYorganismos/BibliotecasPublicas,BibliotecasPublicas
Biblioteca Pública Miguel Hernández,,Biblioteca-Publica-Miguel-Hernandez-(Puente-de-Vallecas),,sí,,Metro: Miguel Hernández (línea 1),,,,Metro: Miguel Hernández (línea 1),Miguel Hernández,1,,,,Accesible,RAFAEL ALBERTI,calle RAFAEL ALBERTI Madrid,,36,Madrid,http://www.wikidata.org/entity/Q1753102,MADRID,28018,Palomeras Sureste,http://www.wikidata.org/entity/Q10343901,Puente de Vallecas,http://www.wikidata.org/entity/Q2003054,40.38449744232138,-3.642917675006409,913033195,bib.vallecas@madrid.org,/contenido/entidadesYorganismos/BibliotecasPublicas,BibliotecasPublicas
Biblioteca Pública Municipal Aluche,,Biblioteca-Publica-Municipal-Aluche-(Latina),,sí,,"Metro: Laguna (línea 6),  Aluche (línea 5) Cercanías Renfe: Laguna, Aluche (línea C5)","Renfe: Laguna, Aluche (línea C5)",C-5,"Laguna, Aluche","Metro: Laguna (línea 6),  Aluche (línea 5)","Laguna ,  Aluche","6
5",,,,"Accesible
Señalización podotáctil
Bucle de inducción magnético",CAMARENA,calle CAMARENA Madrid,,10,Madrid,http://www.wikidata.org/entity/Q1753102,MADRID,28047,Aluĉo,http://www.wikidata.org/entity/Q31140,Latina,http://www.wikidata.org/entity/Q794954,40.39597072367931,-3.7562716852987847,917198996,bpaluche@madrid.es,/contenido/entidadesYorganismos/BibliotecasPublicas,BibliotecasPublicas
Biblioteca Pública Municipal Ana María Matute,,Biblioteca-Publica-Municipal-Ana-Maria-Matute-(Carabanchel),,sí,,Metro: Marqués de Vadillo (línea 5),,,,Metro: Marqués de Vadillo (línea 5),Marqués de Vadillo,5,,,,"Accesible
Bucle de inducción magnético",ISAAC ALBENIZ,calle ISAAC ALBENIZ Madrid,,1,Madrid,http://www.wikidata.org/entity/Q1753102,MADRID,28019,San Isidro,http://www.wikidata.org/entity/Q3813733,Carabanchel,http://www.wikidata.org/entity/Q1001991,40.39786734087938,-3.720088245008897,915880830,bpanammatute@madrid.es,/contenido/entidadesYorganismos/BibliotecasPublicas,BibliotecasPublicas
Biblioteca Pública Municipal Benito Pérez Galdós,,Biblioteca-Publica-Municipal-Benito-Perez-Galdos-(Centro),,sí,,"Metro: Ventura Rodríguez (línea 3), Plaza de España (línea 2, 3, 10), San Bernardo (línea 2 y 4) y Noviciado (línea 2, 3 y 10)",,,,"Metro: Ventura Rodríguez (línea 3), Plaza de España (línea 2, 3, 10), San Bernardo (línea 2 y 4) y Noviciado (línea 2, 3 y 10)","Ventura Rodríguez , Plaza de España , San Bernardo  y Noviciado","3
2
10
4",,,,"Accesible
Bucle de inducción magnético",CONDE DUQUE,calle del Conde Duque,http://www.wikidata.org/entity/Q27031730,9,Madrid,http://www.wikidata.org/entity/Q1753102,MADRID,28015,Universidad,http://www.wikidata.org/entity/Q10387767,Centro,http://www.wikidata.org/entity/Q1763376,40.42738668300474,-3.7105999955473625,"915885910
914801472",bpperezgaldos@madrid.es,/contenido/entidadesYorganismos/BibliotecasPublicas,BibliotecasPublicas
Biblioteca Pública Municipal Canillejas,,Biblioteca-Publica-Municipal-Canillejas-(San-Blas-Canillejas),,sí,,"Metro: Canillejas, Torre Arias (línea 5).",,,,"Metro: Canillejas, Torre Arias (línea 5)","Canillejas, Torre Arias",5,,,,"No accesible
Bucle de inducción magnético",BOLTAÑA,calle BOLTAÑA Madrid,,23,Madrid,http://www.wikidata.org/entity/Q1753102,MADRID,28022,Canillejas,http://www.wikidata.org/entity/Q663013,San Blas-Canillejas,http://www.wikidata.org/entity/Q2001937,40.44640229188281,-3.6117933204271098,917411134,bpcanillejas@madrid.es,/contenido/entidadesYorganismos/BibliotecasPublicas,BibliotecasPublicas
Biblioteca Pública Municipal Ciudad Lineal,,Biblioteca-Publica-Municipal-Ciudad-Lineal-(Ciudad-Lineal),,sí,,Metro: Ciudad Lineal (línea 5),,,,Metro: Ciudad Lineal (línea 5),Ciudad Lineal,5,,,,"Accesible
Bucle de inducción magnético",HERMANOS GARCIA NOBLEJAS,"Calle de los Hermanos García Noblejas, Madrid",http://www.wikidata.org/entity/Q5740959,14,Madrid,http://www.wikidata.org/entity/Q1753102,MADRID,28037,Pueblo Nuevo,http://www.wikidata.org/entity/Q71753,Ciudad Lineal,http://www.wikidata.org/entity/Q1763694,40.43644651057092,-3.6372924261150033,915887566,bpciudadlineal@madrid.es,/contenido/entidadesYorganismos/BibliotecasPublicas,BibliotecasPublicas
Biblioteca Pública Municipal David Gistau,,Biblioteca-Publica-Municipal-David-Gistau-(Salamanca),,sí,,"Metro: Diego de León (líneas 4,5 y 6), Manuel Becerra (línea 2)",,,,"Metro: Diego de León (líneas 4,5 y 6), Manuel Becerra (línea 2)","Diego de León , Manuel Becerra","4
5
6
2",,,,"Accesible
Bucle de inducción magnético",TOREROS,"Avenida de los Toreros, Madrid",http://www.wikidata.org/entity/Q29918658,5,Madrid,http://www.wikidata.org/entity/Q1753102,MADRID,28028,La Guindalera,http://www.wikidata.org/entity/Q3814559,Salamanca,http://www.wikidata.org/entity/Q1773521,40.43199309720514,-3.670929243543714,917240804,bpdavidgistau@madrid.es,/contenido/entidadesYorganismos/BibliotecasPublicas,BibliotecasPublicas
Biblioteca Pública Municipal Dámaso Alonso,,Biblioteca-Publica-Municipal-Damaso-Alonso-(Chamartin),,sí,,"Metro: Plaza de Castilla (líneas 1, 9 y 10) , Duque de Pastrana (línea 9)",,,,"Metro: Plaza de Castilla (líneas 1, 9 y 10) , Duque de Pastrana (línea 9)","Plaza de Castilla  , Duque de Pastrana","1
9
10",,,,"Accesible
Bucle de inducción magnético",MANUEL FERRERO,calle MANUEL FERRERO Madrid,,1,Madrid,http://www.wikidata.org/entity/Q1753102,MADRID,28036,Castilla,http://www.wikidata.org/entity/Q3813735,Chamartín,http://www.wikidata.org/entity/Q1766348,40.467453379213175,-3.6846112774442705,913503150,bpdamasoalonso@madrid.es,/contenido/entidadesYorganismos/BibliotecasPublicas,BibliotecasPublicas
Biblioteca Pública Municipal Eugenio Trías. Casa de Fieras de El Retiro,,Biblioteca-Publica-Municipal-Eugenio-Trias.-Casa-de-Fieras-de-El-Retiro-(Retiro),,sí,,Metro: Ibiza (línea 9),,,,Metro: Ibiza (línea 9),Ibiza,9,,,,"Accesible
Bucle de inducción magnético",FERNÁN NÚÑEZ,"Calle del Duque de Fernán Núñez, Madrid",http://www.wikidata.org/entity/Q29051517,24,Madrid,http://www.wikidata.org/entity/Q1753102,MADRID,28009,Jerónimos,http://www.wikidata.org/entity/Q10306766,Retiro,http://www.wikidata.org/entity/Q2002296,40.4166091081099,-3.6795930368034804,914804838,bpeugeniotrias@madrid.es,/contenido/entidadesYorganismos/BibliotecasPublicas,BibliotecasPublicas
Biblioteca Pública Municipal Francisco Ayala,,Biblioteca-Publica-Municipal-Francisco-Ayala-(Vicalvaro),,sí,,Metro: Valdebernardo (línea 9),,,,Metro: Valdebernardo (línea 9),Valdebernardo,9,,,,"Accesible
Bucle de inducción magnético",INDALECIO PRIETO,calle INDALECIO PRIETO Madrid,,21,Madrid,http://www.wikidata.org/entity/Q1753102,MADRID,28032,Valdebernardo,http://www.wikidata.org/entity/Q43025212,Vicálvaro,http://www.wikidata.org/entity/Q589403,40.39982891410407,-3.621281890570377,913016466,bpfranciscoayala@madrid.es,/contenido/entidadesYorganismos/BibliotecasPublicas,BibliotecasPublicas
Biblioteca Pública Municipal Francisco Ibáñez,,Biblioteca-Publica-Municipal-Francisco-Ibanez-(Chamartin),,sí,,"Metro: Concha Espina (línea 9), Prosperidad (línea 4)",,,,"Metro: Concha Espina (línea 9), Prosperidad (línea 4)","Concha Espina , Prosperidad","9
4",,,,"Accesible
Bucle de inducción magnético",MANTUANO,Calle de Mantuano,http://www.wikidata.org/entity/Q27048291,51,Madrid,http://www.wikidata.org/entity/Q1753102,MADRID,28002,Ciudad Jardín,http://www.wikidata.org/entity/Q3773744,Chamartín,http://www.wikidata.org/entity/Q1766348,40.44810636195716,-3.6762309620097398,915103756,bpfranciscoibanez@madrid.es,/contenido/entidadesYorganismos/BibliotecasPublicas,BibliotecasPublicas
Biblioteca Pública Municipal Francisco Umbral,,Biblioteca-Publica-Municipal-Francisco-Umbral-(Villaverde),,sí,,Cercanías: Villaverde Bajo.,Cercanías: Villaverde Bajo c3 c4,"C-3
C-4",: Villaverde Bajo,,,,,,,"Accesible
Bucle de inducción magnético",CALCIO,calle CALCIO Madrid,,1,Madrid,http://www.wikidata.org/entity/Q1753102,MADRID,28021,Butarque,http://www.wikidata.org/entity/Q390453,Villaverde,http://www.wikidata.org/entity/Q919536,40.35118703272002,-3.679345889376551,915883223,bpfranciscoumbral@madrid.es,/contenido/entidadesYorganismos/BibliotecasPublicas,BibliotecasPublicas
Biblioteca Pública Municipal Gabriel García Márquez,,Biblioteca-Publica-Municipal-Gabriel-Garcia-Marquez-(Usera),,sí,,Metro: San Fermín - Orcasur (línea 3) Cercanías Renfe: Orcasitas (línea C5),Renfe: Orcasitas (línea C5),C-5,Orcasitas,Metro: San Fermín - Orcasur (línea 3),San Fermín - Orcasur,3,,,,"Accesible
Bucle de inducción magnético",PUEBLO,calle PUEBLO Madrid,,2,Madrid,http://www.wikidata.org/entity/Q1753102,MADRID,28041,Orcasur,http://www.wikidata.org/entity/Q10341270,Usera,http://www.wikidata.org/entity/Q953368,40.366768324753416,-3.701141063083806,913188691,bpgarciamarquez@madrid.es,/contenido/entidadesYorganismos/BibliotecasPublicas,BibliotecasPublicas
Biblioteca Pública Municipal Gerardo Diego,,Biblioteca-Publica-Municipal-Gerardo-Diego-(Villa-de-Vallecas),,sí,,Metro: Villa de Vallecas (línea 1),,,,Metro: Villa de Vallecas (línea 1),Villa de Vallecas,1,,,,"Accesible
Bucle de inducción magnético",MONTE AYA,calle MONTE AYA Madrid,,12,Madrid,http://www.wikidata.org/entity/Q1753102,MADRID,28031,Casco Histórico de Vallecas,http://www.wikidata.org/entity/Q16544370,Villa de Vallecas,http://www.wikidata.org/entity/Q1947988,40.37790196240434,-3.6227296605039516,913806633,bpgerardodiego@madrid.es,/contenido/entidadesYorganismos/BibliotecasPublicas,BibliotecasPublicas
Biblioteca Pública Municipal Gloria Fuertes,,Biblioteca-Publica-Municipal-Gloria-Fuertes-(Barajas),,sí,,Metro: Alameda de Osuna (línea 5),,,,Metro: Alameda de Osuna (línea 5),Alameda de Osuna,5,,,,"Accesible
Bucle de inducción magnético",LOGROÑO,calle LOGROÑO Madrid,,179,Madrid,http://www.wikidata.org/entity/Q1753102,MADRID,28042,Corralejos,http://www.wikidata.org/entity/Q10260772,Barajas,http://www.wikidata.org/entity/Q807230,40.46055947228695,-3.5937461811785347,913120258,bpgloriafuertes@madrid.es,/contenido/entidadesYorganismos/BibliotecasPublicas,BibliotecasPublicas
Biblioteca Pública Municipal Huerta de la Salud,,Biblioteca-Publica-Municipal-Huerta-de-la-Salud-(Hortaleza),,sí,,Metro: Parque de Santa María (línea 4),,,,Metro: Parque de Santa María (línea 4),Parque de Santa María,4,,,,"Accesible
Bucle de inducción magnético",MAR DE LAS ANTILLAS,calle MAR DE LAS ANTILLAS Madrid,,10,Madrid,http://www.wikidata.org/entity/Q1753102,MADRID,28033,Pinar del Rey,http://www.wikidata.org/entity/Q10349788,Hortaleza,http://www.wikidata.org/entity/Q1928529,40.47571688103069,-3.64667257750353,917645243,bphuertasalud@madrid.es,/contenido/entidadesYorganismos/BibliotecasPublicas,BibliotecasPublicas
Biblioteca Pública Municipal Iván de Vargas,,Biblioteca-Publica-Municipal-Ivan-de-Vargas-(Centro),,sí,,"Metro: Sol (líneas 1, 2 y 3), Latina (línea 5) y Ópera (línea 2) Cercanías Renfe: Sol (líneas C3 y C4)",Renfe: Sol (líneas C3 y C4),"C-3
C-4",Sol,"Metro: Sol (líneas 1, 2 y 3), Latina (línea 5) y Ópera (línea 2)","Sol , Latina  y Ópera","1
2
3
5",,,,"Accesible
Bucle de inducción magnético",SAN JUSTO,"Calle de San Justo, Madrid",http://www.wikidata.org/entity/Q32458483,5,Madrid,http://www.wikidata.org/entity/Q1753102,MADRID,28005,Palacio,http://www.wikidata.org/entity/Q2136510,Centro,http://www.wikidata.org/entity/Q1763376,40.41410290844665,-3.7098591212735883,917586211,bpivandevargas@madrid.es,/contenido/entidadesYorganismos/BibliotecasPublicas,BibliotecasPublicas
Biblioteca Pública Municipal José Hierro,,Biblioteca-Publica-Municipal-Jose-Hierro-(San-Blas-Canillejas),,sí,,Metro: Las Musas (línea 7),,,,Metro: Las Musas (línea 7),Las Musas,7,,,,"Accesible
Bucle de inducción magnético",MARIA SEVILLA DIAGO,"Calle de María Sevilla Diago, Madrid",http://www.wikidata.org/entity/Q28972080,15,Madrid,http://www.wikidata.org/entity/Q1753102,MADRID,28022,Rosas,http://www.wikidata.org/entity/Q18880469,San Blas-Canillejas,http://www.wikidata.org/entity/Q2001937,40.433291625973624,-3.6105662311927453,"913135528
913135531",bpjosehierro@madrid.es,/contenido/entidadesYorganismos/BibliotecasPublicas,BibliotecasPublicas
Biblioteca Pública Municipal José Saramago,,Biblioteca-Publica-Municipal-Jose-Saramago-(Fuencarral-El-Pardo),,sí,,"Metro: Barrio del Pilar (línea 9), Peñagrande (línea 7)",,,,"Metro: Barrio del Pilar (línea 9), Peñagrande (línea 7)","Barrio del Pilar , Peñagrande","9
7",,,,"Accesible
Señalización podotáctil
Bucle de inducción magnético",MONFORTE DE LEMOS,calle MONFORTE DE LEMOS Madrid,,38,Madrid,http://www.wikidata.org/entity/Q1753102,MADRID,28029,El Pilar,http://www.wikidata.org/entity/Q3773964,Fuencarral-El Pardo,http://www.wikidata.org/entity/Q656196,40.47860087334554,-3.7094408342979954,915886891,bpjosesaramago@madrid.es,/contenido/entidadesYorganismos/BibliotecasPublicas,BibliotecasPublicas
Biblioteca Pública Municipal La Chata,,Biblioteca-Publica-Municipal-La-Chata-(Carabanchel),,sí,,"Metro: Eugenia de Montijo, Carabanchel (línea 5)",,,,"Metro: Eugenia de Montijo, Carabanchel (línea 5)","Eugenia de Montijo, Carabanchel",5,,,,"Accesible
Bucle de inducción magnético",GENERAL RICARDOS,"Calle del General Ricardos, Madrid",http://www.wikidata.org/entity/Q5740542,252,Madrid,http://www.wikidata.org/entity/Q1753102,MADRID,28025,Vista Alegre,http://www.wikidata.org/entity/Q3813741,Carabanchel,http://www.wikidata.org/entity/Q1001991,40.38330593504341,-3.7420633861175796,914220533,bplachata@madrid.es,/contenido/entidadesYorganismos/BibliotecasPublicas,BibliotecasPublicas
Biblioteca Pública Municipal La Elipa,,Biblioteca-Publica-Municipal-La-Elipa-(Ciudad-Lineal),,sí,,Metro: La Elipa (línea 2),,,,Metro: La Elipa (línea 2),La Elipa,2,,,,"Accesible
Bucle de inducción magnético",NUESTRA SE&amp;Ntilde;ORA DEL VILLAR,calle NUESTRA SE&amp;Ntilde;ORA DEL VILLAR Madrid,,6,Madrid,http://www.wikidata.org/entity/Q1753102,MADRID,28017,Ventas,http://www.wikidata.org/entity/Q71762,Ciudad Lineal,http://www.wikidata.org/entity/Q1763694,40.42343352863466,-3.6518288644365704,914036322,bplaelipa@madrid.es,/contenido/entidadesYorganismos/BibliotecasPublicas,BibliotecasPublicas
Biblioteca Pública Municipal Manuel Vázquez Montalbán,,Biblioteca-Publica-Municipal-Manuel-Vazquez-Montalban-(Tetuan),,sí,,Metro: Francos Rodríguez (línea 7),,,,Metro: Francos Rodríguez (línea 7),Francos Rodríguez,7,,,,"Accesible
Bucle de inducción magnético",FRANCOS RODRIGUEZ,"Calle de Francos Rodríguez, Madrid",http://www.wikidata.org/entity/Q26810988,67,Madrid,http://www.wikidata.org/entity/Q1753102,MADRID,28039,Bellas Vistas,http://www.wikidata.org/entity/Q11908929,Tetuán,http://www.wikidata.org/entity/Q1773540,40.45749513485957,-3.710539712535917,"913980723
913980726",bpvazquezmontalban@madrid.es,/contenido/entidadesYorganismos/BibliotecasPublicas,BibliotecasPublicas
Biblioteca Pública Municipal Mario Vargas Llosa,,Biblioteca-Publica-Municipal-Mario-Vargas-Llosa-(Centro),,sí,,"Metro: Alonso Martínez (línea 10), Tribunal (líneas 1 y 10)",,,,"Metro: Alonso Martínez (línea 10), Tribunal (líneas 1 y 10)","Alonso Martínez , Tribunal","10
1",,,,"Accesible
Bucle de inducción magnético",BARCELO,calle de Barceló,http://www.wikidata.org/entity/Q27051120,4,Madrid,http://www.wikidata.org/entity/Q1753102,MADRID,28004,Justicia,http://www.wikidata.org/entity/Q1992319,Centro,http://www.wikidata.org/entity/Q1763376,40.426642215368176,-3.699722994908341,914802433,bpvargasllosa@madrid.es,/contenido/entidadesYorganismos/BibliotecasPublicas,BibliotecasPublicas
Biblioteca Pública Municipal María Lejárraga,,Biblioteca-Publica-Municipal-Maria-Lejarraga-(Hortaleza),,sí,,Metro: Blasco Ibáñez y Virgen del Cortijo (línea C2 Metro Ligero),,,,Metro Ligero),Metro Ligero),,,,,"Accesible
Bucle de inducción magnético",PRINCESA DE EBOLI,calle PRINCESA DE EBOLI Madrid,,29,Madrid,http://www.wikidata.org/entity/Q1753102,MADRID,28050,Valdefuentes,http://www.wikidata.org/entity/Q10388714,Hortaleza,http://www.wikidata.org/entity/Q1928529,40.49041562546542,-3.655356751728003,915133383,bpmarialejarraga@madrid.es,/contenido/entidadesYorganismos/BibliotecasPublicas,BibliotecasPublicas
Biblioteca Pública Municipal María Zambrano,,Biblioteca-Publica-Municipal-Maria-Zambrano-(Tetuan),,sí,,Metro: Ventilla (línea 9),,,,Metro: Ventilla (línea 9),Ventilla,9,,,,"Accesible
Bucle de inducción magnético",DONOSO,calle de Donoso Cortés,http://www.wikidata.org/entity/Q27243288,5,Madrid,http://www.wikidata.org/entity/Q1753102,MADRID,28029,Almenara,http://www.wikidata.org/entity/Q2265427,Tetuán,http://www.wikidata.org/entity/Q1773540,40.46903299144094,-3.6976620067964996,917339043,bpmariazambrano@madrid.es,/contenido/entidadesYorganismos/BibliotecasPublicas,BibliotecasPublicas
Biblioteca Pública Municipal Miguel Delibes,,Biblioteca-Publica-Municipal-Miguel-Delibes-(Moratalaz),,sí,,Metro: Vinateros (línea 9),,,,Metro: Vinateros (línea 9),Vinateros,9,,,,"Accesible
Bucle de inducción magnético",ARROYO BELINCOSO,calle ARROYO BELINCOSO Madrid,,11,Madrid,http://www.wikidata.org/entity/Q1753102,MADRID,28030,Media Legua,http://www.wikidata.org/entity/Q9031035,Moratalaz,http://www.wikidata.org/entity/Q2076109,40.40971737692924,-3.6529822109115133,913287300,bpmigueldelibes@madrid.es,/contenido/entidadesYorganismos/BibliotecasPublicas,BibliotecasPublicas
Biblioteca Pública Municipal Pablo Neruda,,Biblioteca-Publica-Municipal-Pablo-Neruda-(Ciudad-Lineal),,sí,,Metro: Ascao (línea 7),,,,Metro: Ascao (línea 7),Ascao,7,,,,"Accesible
Bucle de inducción magnético",ASCAO,calle ASCAO Madrid,,4,Madrid,http://www.wikidata.org/entity/Q1753102,MADRID,28017,Pueblo Nuevo,http://www.wikidata.org/entity/Q71753,Ciudad Lineal,http://www.wikidata.org/entity/Q1763694,40.42941133441142,-3.6416899839787695,914061472,bppabloneruda@madrid.es,/contenido/entidadesYorganismos/BibliotecasPublicas,BibliotecasPublicas
Biblioteca Pública Municipal Portazgo,,Biblioteca-Publica-Municipal-Portazgo-(Puente-de-Vallecas),,sí,,"Metro: Portazgo, Buenos Aires (línea 1)",,,,"Metro: Portazgo, Buenos Aires (línea 1)","Portazgo, Buenos Aires",1,,,,"Accesible
Bucle de inducción magnético",CANTALAPIEDRA,calle CANTALAPIEDRA Madrid,,11,Madrid,http://www.wikidata.org/entity/Q1753102,MADRID,28038,Numancia,http://www.wikidata.org/entity/Q10338144,Puente de Vallecas,http://www.wikidata.org/entity/Q2003054,40.393189968014696,-3.6554147649183943,917570323,bpportazgo@madrid.es,/contenido/entidadesYorganismos/BibliotecasPublicas,BibliotecasPublicas
Biblioteca Pública Municipal Pozo del Tío Raimundo,,Biblioteca-Publica-Municipal-Pozo-del-Tio-Raimundo-(Puente-de-Vallecas),,sí,,"Cercanías Renfe: El Pozo (líneas C2, C7 y C8)","Renfe: El Pozo (líneas C2, C7 y C8)","C-2
C-7
C-8",El Pozo,,,,,,,"Accesible
Bucle de inducción magnético",GLORIETAS,calle GLORIETAS Madrid,,19,Madrid,http://www.wikidata.org/entity/Q1753102,MADRID,28053,Entrevías,http://www.wikidata.org/entity/Q71756,Puente de Vallecas,http://www.wikidata.org/entity/Q2003054,40.3735856436473,-3.6602546064905397,915070734,bppozotr@madrid.es,/contenido/entidadesYorganismos/BibliotecasPublicas,BibliotecasPublicas
Biblioteca Pública Municipal Pío Baroja,,Biblioteca-Publica-Municipal-Pio-Baroja-(Arganzuela),,sí,,Metro: Pirámides (línea 5). Cercanías Renfe: Pirámides (líneas C1 y C10),Renfe: Pirámides (líneas C1 y C10),"C-1
C-10",Pirámides,Metro: Pirámides (línea 5),Pirámides,5,,,,"Accesible
Bucle de inducción magnético",ARGANDA,calle ARGANDA Madrid,,12,Madrid,http://www.wikidata.org/entity/Q1753102,MADRID,28005,Las Acacias,http://www.wikidata.org/entity/Q3319190,Arganzuela,http://www.wikidata.org/entity/Q2000929,40.40003652682007,-3.7074488154950584,914741603,bppiobaroja@madrid.es,/contenido/entidadesYorganismos/BibliotecasPublicas,BibliotecasPublicas
Biblioteca Pública Municipal San Blas,,Biblioteca-Publica-Municipal-San-Blas-(San-Blas-Canillejas),,sí,,Metro: Alsacia (línea 2),,,,Metro: Alsacia (línea 2),Alsacia,2,,,,"Accesible
Bucle de inducción magnético",SAN ROMAN DEL VALLE,calle SAN ROMAN DEL VALLE Madrid,,8,Madrid,http://www.wikidata.org/entity/Q1753102,MADRID,28037,Arcos,http://www.wikidata.org/entity/Q9627876,San Blas-Canillejas,http://www.wikidata.org/entity/Q2001937,40.420231627534996,-3.6218113860909074,913135297,bpsanblas@madrid.es,/contenido/entidadesYorganismos/BibliotecasPublicas,BibliotecasPublicas
Biblioteca Pública Municipal San Fermín,,Biblioteca-Publica-Municipal-San-Fermin-(Usera),,sí,,Metro: San Fermín-Orcasur (línea 3),,,,Metro: San Fermín-Orcasur (línea 3),San Fermín-Orcasur,3,,,,"Accesible
Señalización podotáctil
Bucle de inducción magnético",SAN FERMIN,calle SAN FERMIN Madrid,,10,Madrid,http://www.wikidata.org/entity/Q1753102,MADRID,28041,San Fermín,http://www.wikidata.org/entity/Q71758,Usera,http://www.wikidata.org/entity/Q953368,40.3711623444796,-3.692742821990015,914804725,bpsanfermin@madrid.es,/contenido/entidadesYorganismos/BibliotecasPublicas,BibliotecasPublicas
Biblioteca Pública Municipal Vallecas,,Biblioteca-Publica-Municipal-Vallecas-(Puente-de-Vallecas),,sí,,Metro: Nueva Numancia (línea 1),,,,Metro: Nueva Numancia (línea 1),Nueva Numancia,1,,,,"Accesible
Bucle de inducción magnético",PUERTO DEL MONASTERIO,calle PUERTO DEL MONASTERIO Madrid,,1,Madrid,http://www.wikidata.org/entity/Q1753102,MADRID,28053,San Diego,http://www.wikidata.org/entity/Q11946851,Puente de Vallecas,http://www.wikidata.org/entity/Q2003054,40.395023959810636,-3.665554302127492,915886051,bpvallecas@madrid.es,/contenido/entidadesYorganismos/BibliotecasPublicas,BibliotecasPublicas
Biblioteca Pública Municipal Vicálvaro,,Biblioteca-Publica-Municipal-Vicalvaro,,sí,,Metro: Vicálvaro (línea 9) Cercanías Renfe: Vicálvaro (línea C2),Vicálvaro C2,C-2,Vicálvaro,Metro: Vicálvaro (línea 9),Vicálvaro,9,,,,"Accesible
Bucle de inducción magnético",VILLARDONDIEGO,calle VILLARDONDIEGO Madrid,,36,Madrid,http://www.wikidata.org/entity/Q1753102,MADRID,28032,Casco Histórico de Vicálvaro,http://www.wikidata.org/entity/Q16544374,Vicálvaro,http://www.wikidata.org/entity/Q589403,40.405283650744316,-3.6086278232922804,917753143,bpvicalvaro@madrid.es,/contenido/entidadesYorganismos/BibliotecasPublicas,BibliotecasPublicas
Biblioteca Pública Municipal Ángel González,,Biblioteca-Publica-Municipal-angel-Gonzalez-(Latina),,sí,,Metro: Campamento (línea 5),,,,Metro: Campamento (línea 5),Campamento,5,,,,"Accesible
Bucle de inducción magnético",GRANJA DE TORREHERMOSA,calle GRANJA DE TORREHERMOSA Madrid,,1,Madrid,http://www.wikidata.org/entity/Q1753102,MADRID,28024,Aluĉo,http://www.wikidata.org/entity/Q31140,Latina,http://www.wikidata.org/entity/Q794954,40.397074625115906,-3.7664885474841556,915123542,bpangelgonzalez@madrid.es,/contenido/entidadesYorganismos/BibliotecasPublicas,BibliotecasPublicas
Biblioteca Pública Pedro Salinas,,Biblioteca-Publica-Pedro-Salinas-(Centro),,sí,,Metro: Puerta Toledo (línea 5)  Cercanías: Embajadores (C5),Cercanías: Embajadores (C5),C-5,: Embajadores,Metro: Puerta Toledo (línea 5),Puerta Toledo,5,,,,Accesible,PUERTA DE TOLEDO,calle PUERTA DE TOLEDO Madrid,,1,Madrid,http://www.wikidata.org/entity/Q1753102,MADRID,28005,Embajadores,http://www.wikidata.org/entity/Q2449844,Centro,http://www.wikidata.org/entity/Q1763376,40.407095978373384,-3.7110439355238602,913665407,bib.centro@madrid.org,/contenido/entidadesYorganismos/BibliotecasPublicas,BibliotecasPublicas
Biblioteca Pública Rafael Alberti,,Biblioteca-Publica-Rafael-Alberti-(Fuencarral---El-Pardo),,sí,,"Cercanías Renfe: Ramón y Cajal (líneas C3, C7, C8 y Regional)","Renfe: Ramón y Cajal (líneas C3, C7, C8 y Regional)","C-3
C-7
C-8",Ramón y Cajal,,,,,,,Accesible,SANGENJO,calle SANGENJO Madrid,,38,Madrid,http://www.wikidata.org/entity/Q1753102,MADRID,28034,La Paz,http://www.wikidata.org/entity/Q5869740,Fuencarral-El Pardo,http://www.wikidata.org/entity/Q656196,40.48785071405995,-3.6985735344788924,917319552,bib.fuencarral@madrid.org,/contenido/entidadesYorganismos/BibliotecasPublicas,BibliotecasPublicas
Biblioteca Pública Ruiz Egea,,Biblioteca-Publica-Ruiz-Egea-(Chamberi),,no especifica,,"Metro: Cuatro Caminos (líneas 1, 2 y 6)",,,,"Metro: Cuatro Caminos (líneas 1, 2 y 6)",Cuatro Caminos,"1
2
6",,,,Accesible,RAIMUNDO FERNANDEZ VILLAVERDE,Calle de Raimundo Fernández Villaverde,http://www.wikidata.org/entity/Q26741180,6,Madrid,http://www.wikidata.org/entity/Q1753102,MADRID,28003,Ríos Rosas,http://www.wikidata.org/entity/Q10366270,Chamberí,http://www.wikidata.org/entity/Q1763370,40.44660265004691,-3.702878714068386,915349029,bib.ruizegea@madrid.org,/contenido/entidadesYorganismos/BibliotecasPublicas,BibliotecasPublicas
Biblioteca Pública del Estado Manuel Alvar,,Biblioteca-Publica-del-Estado-Manuel-Alvar-(Salamanca),,sí,,"Metro: Diego de León (líneas 4, 5 y 6), Cartagena (línea 7), Parque de las Avenidas (línea 7)",,,,"Metro: Diego de León (líneas 4, 5 y 6), Cartagena (línea 7), Parque de las Avenidas (línea 7)","Diego de León , Cartagena , Parque de las Avenidas","4
5
6
7",,,,Accesible,AZCONA,calle de Azcona,http://www.wikidata.org/entity/Q118608522,42,Madrid,http://www.wikidata.org/entity/Q1753102,MADRID,28028,La Guindalera,http://www.wikidata.org/entity/Q3814559,Salamanca,http://www.wikidata.org/entity/Q1773521,40.4344013219248,-3.6689700985764175,917263701,bib.salamanca@madrid.org,/contenido/entidadesYorganismos/BibliotecasPublicas,BibliotecasPublicas
Centro Cultural Paco Rabal. Biblioteca Pública,,Centro-Cultural-Paco-Rabal.-Biblioteca-Publica-(Puente-de-Vallecas),,sí,,"Cercanías Renfe: líneas C1, C2 y C7.","Renfe: líneas C1, C2 y C7","C-1
C-2
C-7",,,,,,,,Accesible,FELIPE DE DIEGO,calle FELIPE DE DIEGO Madrid,,13,Madrid,http://www.wikidata.org/entity/Q1753102,MADRID,28018,Palomeras Bajas,http://www.wikidata.org/entity/Q10343902,Puente de Vallecas,http://www.wikidata.org/entity/Q2003054,40.379459109283275,-3.661114669233002,915079744,bibliotecapacorabal@madrid.org,/contenido/entidadesYorganismos/BibliotecasPublicas,BibliotecasPublicas
